INSERT INTO "Pais" (id,nombre) VALUES
(1, 'Venezuela');

INSERT INTO "Estado" (id,nombre, "paisId") VALUES
(1, 'DistritoCapital', 1),
(2, 'Anzoategui', 1);


INSERT INTO "Ciudad" (id,nombre, "estadoId") VALUES
(1, 'Caracas', 1),
(2, 'Hatillo', 1),
(3, 'Lecheria', 2),
(4, 'ElTigre', 2);

INSERT INTO "Producto" (id,nombre, descripcion) VALUES
(1, 'Shampoo', NULL),
(2, 'HarinaPan', NULL),
(3, 'JabondetocadorDove', NULL),
(4, 'Azucar', NULL),
(5, 'Sal', NULL),
(6, 'Pasta', NULL),
(7, 'Arroz', NULL);

INSERT INTO "Distribuidor" (id,nombre, telefono, rif, "ciudadId") VALUES
(1, 'JuanGarciaLopez', '04241328505', '1000001',1),
(2, 'MariaRodriguezMartinez', '04141338505', '1000002',1),
(3, 'CarlosPerezFernandez', '04121324505', '1000003',1),
(4, 'AnaMartinezGonzalez', '04241376505', '1000004',1),
(5, 'LuisRodriguezSanchez', '04244448505', '1000005',1),
(6, 'LauraLopezPerez', '04244567505', '1000006',1),
(7, 'JavierGonzalezRodriguez', '04241326789', '1000007',1),
(8, 'PaulaFernandezMartinez', '04161325566', '1000008',2),
(9, 'PedroSanchezLopez', '04261328505', '1000009',2),
(10, 'IsabelMartinezRodriguez', '04161117705', '1000010',2);


INSERT INTO "Inventario" (id,cantidad, "costoVenta", "productoId", "ciudadId") VALUES
(1, 100, 5, 1, 1),
(2, 138, 6, 2, 1),
(3, 245, 7, 3, 1),
(4, 55, 3, 4, 1),
(5, 97, 2, 5, 1),
(6, 92, 5, 6, 1),
(7, 165, 2, 7, 1),
(8, 254, 8, 1, 2),
(9, 59, 5, 2, 2),
(10, 260, 5, 3, 2),
(11, 135, 4, 4, 2),
(12, 120, 3, 5, 2),
(13, 150, 8, 6, 2),
(14, 160, 4, 7, 2);


INSERT INTO "Hist_Inventario" (fecha, "costoUnidad", "cantidadComp", "inventarioId", "distribuidorId") VALUES
('2023-01-12', 1000, 300, 1, 1),
('2023-01-12', 900, 400, 2, 2),
('2023-01-27', 847, 250, 3, 3),
('2023-01-28', 673, 650, 4, 4),
('2023-02-02', 751, 400, 5, 5),
('2023-02-05', 919, 500, 6, 2),
('2023-02-07', 706, 200, 7, 5),
('2023-02-15', 610, 300, 8, 6),
('2023-02-25', 943, 560, 9, 7),
('2023-02-06', 615, 590, 10, 8),
('2023-02-07', 734, 156, 11, 9),
('2023-02-12', 569, 293, 12, 10),
('2023-02-14', 620, 351, 13, 10),
('2023-02-16', 878, 222, 14, 6),
('2023-02-10', 598, 333, 1, 1),
('2023-02-16', 708, 124, 2, 2),
('2023-02-27', 616, 265, 3, 3),
('2023-02-26', 778, 346, 4, 4),
('2023-03-16', 569, 321, 5, 5),
('2023-03-22', 878, 213, 6, 1),
('2023-03-30', 511, 132, 7, 3),
('2023-04-15', 672, 123, 8, 6),
('2023-04-07', 952, 50, 9, 7),
('2023-04-06', 365, 60, 10, 8),
('2023-04-16', 265, 78, 11, 9),
('2023-05-20', 244, 98, 12, 10),
('2023-05-08', 300, 99, 13, 7),
('2023-05-11', 333, 96, 14, 8),
('2023-05-14', 301, 35, 1, 1),
('2023-05-21', 200, 45, 2, 2),
('2023-06-15', 222, 46, 3, 3),
('2023-06-16', 132, 42, 4, 4),
('2023-06-10', 165, 44, 5, 5),
('2023-06-12', 120, 11, 6, 4),
('2023-06-11', 184, 18, 7, 4),
('2023-07-30', 198, 19, 8, 6),
('2023-07-29', 133, 26, 9, 7),
('2023-07-07', 162, 27, 10, 8),
('2023-08-09', 211, 64, 11, 9),
('2023-08-21', 125, 18, 12, 10),
('2023-09-23', 50, 2, 13, 9),
('2023-10-05', 487, 200, 14, 9);

/*----------------------------------------*/

-- Inserción de datos en la tabla EMPLEADO
INSERT INTO "Empleado" (id,datos_empleado)
VALUES
    (1,('Ana', 'Maria', 'López','Silva','04122403301',25446055)),
    (2,('Carlos', 'Andrés', 'Rodríguez','Mendoza','04122403301', 24685999)),
    (3,('Laura', 'Isabella', 'González','Bravo','04122403301', 28246205)),
    (4,('Diego', NULL, 'Martínez','Velázquez','04122403301', 21231250)),
    (5,('Marta', NULL, 'Pérez','Paredes','04122403301', 30246205)),
    (6,('Javier', NULL, 'Sánchez','Cordero','04122403301', 9662942)),
    (7,('Elena', NULL, 'Fernández','Ramírez','04122403301', 30246506)),
    (8,('Andrés', 'Eduardo', 'Torres','Guzmán','04122403301', 29666256)),
    (9,('Sofía', NULL, 'Ramírez','Rojas','04122403301', 28795312)),
    (10,('Alejandro', NULL, 'Vargas','Rios','04122403301', 11455896)),
    (11,('Carmen', NULL, 'Ruiz','Delgado','04122403301', 24978210)),
    (12,('Sergio', NULL, 'García','Maldonado','04122403301', 20555698)),
    (13,('Camila', 'Sofia', 'Guzmán','Delgado','04122403301', 30200265)),
    (14,('Alfredo', 'Andres', 'Fung','Perez','04122403301', 29555254)),
    (15,('Joao', NULL, 'De Sousa','Barradas','04122403301', 24455112)),
    (16,('Carlos', 'Eduardo', 'Rodriguez','Sanchez','04122403301', 28946513)),
    (17,('Laura', 'Valentina', 'Mendoza','Velazquez','04122403301', 27135468)),
    (18,('Jacklyn', 'Vanessa', 'Farinez','De la Santisima Trinidad','04122403301', 26549513)),
    (19,('Guztavo', NULL, 'Vizcanio','Rogel','04122403301', 20316413)),
    (20,('Diego', 'Armando', 'Maradona','Gonzalez','04122403301', 28159357));
	
	INSERT INTO "Hist_Salarios" ("fechaIni", "fechaFin", "numContrato", "sueldoQuinc", "empleadoId", "ciudadId")
VALUES
    ('2023-02-18', '2023-04-15', 1, 150, 1, 1),
    ('2023-01-15', '2023-07-03', 2, 170, 2, 1),
    ('2023-02-23', '2023-05-10', 3, 132, 3, 1),
    ('2023-01-20', NULL, 4, 284, 4, 1),
    ('2023-02-09', '2023-05-10', 5, 203, 5, 1),
    ('2023-03-03', NULL, 6, 369, 6, 1),
    ('2023-03-10', NULL, 7, 125, 7, 1),
    ('2023-01-21', NULL, 8, 357, 8, 1),
    ('2023-02-14', '2023-06-22', 9, 198, 9, 1),
    ('2023-03-05', '2023-07-03', 10, 312, 10, 1),
    ('2023-04-19', NULL, 11, 146, 11, 2),
    ('2023-05-31', NULL, 12, 249, 12, 2),
    ('2023-05-26', '2023-08-15', 13, 174, 13, 2),
    ('2023-05-19', '2023-08-23', 14, 120, 14, 2),
    ('2023-01-02', NULL, 15, 101, 15, 2),
    ('2023-02-11', '2023-03-29', 16, 379, 16, 2),
    ('2023-03-28', '2023-05-29', 17, 217, 17, 2),
    ('2023-04-14', '2023-08-08', 18, 400, 18, 2),
    ('2023-05-07', NULL, 19, 394, 19, 2),
    ('2023-04-13', NULL, 20, 154, 20, 2),
    ('2023-05-08', NULL, 21, 200, 1, 2),
    ('2023-06-22', NULL, 22, 310, 5, 2),
    ('2023-07-03', NULL, 23, 246, 9, 2),
    ('2023-08-15', NULL, 24, 340, 10, 2),
    ('2023-05-29', NULL, 25, 298, 13, 2),
    ('2023-07-03', NULL, 26, 220, 17, 2),
    ('2023-05-10', NULL, 27, 200, 2, 2),
    ('2023-08-23', NULL, 28, 180, 3, 2),
    ('2023-08-08', NULL, 29, 450, 14, 2),
    ('2023-08-08', NULL, 30, 500, 18, 2);

INSERT INTO "Cliente" (id,datos_cliente) VALUES
(1 ,('Ana', 'Pérez', 'Rodríguez', 'María', '04161234567', 20123456)),
(2, ('Juan', 'Gómez', 'García', 'Andrés', '04122345678', 19234567)),
(3, ('María', 'López', 'Martínez', 'Antonio', '04143456789', 24345678)),
(4, ('Carlos', 'Fernández', 'Sánchez', 'Luis', '04164567890', 25456789)),
(5, ('Laura', 'Rodríguez', 'González', 'Valentina', '04125678901', 17567890)),
(6, ('Andrés', 'Martínez', 'Pérez', 'Gabriel', '04146789012', 18678901)),
(7, ('Isabel', 'Pérez', 'López', 'Sofía', '04167890123', 27789012)),
(8, ('Javier', 'Sánchez', 'González', 'Eduardo', '04128901234', 28890123)),
(9, ('Paula', 'González', 'Martínez', 'Carolina', '04149012345', 26901234)),
(10, ('Pedro', 'López', 'Rodríguez', 'Alejandro', '04160123456', 29012345)),
(11, ('Jorge', 'Martínez', 'García', 'Antonio', '04121234567', 30123456)),
(12, ('Carmen', 'Sánchez', 'Pérez', 'Valeria', '04142345678', 30234567)),
(13, ('Sergio', 'Pérez', 'González', 'Fernando', '04163456789', 27345678)),
(14, ('Elena', 'López', 'Rodríguez', 'Gabriela', '04124567890', 30456789)),
(15, ('Raúl', 'Rodríguez', 'Martínez', 'Mauricio', '04145678901', 24567890)),
(16, ('Sofía', 'Martínez', 'Sánchez', 'Alejandra', '04166789012', 25678901)),
(17, ('Alejandro', 'Sánchez', 'López', 'Eduardo', '04127890123',26789012)),
(18, ('Valentina', 'López', 'González', 'María', '04148901234', 27890123)),
(19, ('Andrés', 'Pérez', 'Martínez', 'Alberto', '04169012345', 28901234)),
(20, ('Marta', 'González', 'Sánchez', 'Carolina', '04120123456', 19012345)),
(21, ('Eduardo', 'Rodríguez', 'García', 'Andrés', '04141234567', 24123456)),
(22, ('Natalia', 'García', 'López', 'Valeria', '04162345678', 19234567)),
(23, ('Roberto', 'Martínez', 'Pérez', 'Alejandro', '04123456789', 21345678)),
(24, ('Andrea', 'Pérez', 'González', 'María', '04144567890', 22456789)),
(25, ('Juan', 'López', 'Rodríguez', 'Antonio', '04165678901', 27567890)),
(26, ('Sofía', 'González', 'Martínez', 'Valentina', '04126789012', 30678901)),
(27, ('Alejandro', 'Rodríguez', 'Sánchez', 'Luis', '04147890123', 21789012)),
(28, ('Valeria', 'Sánchez', 'López', 'Eduardo', '04168901234', 29890123)),
(29, ('Andrés', 'Martínez', 'González', 'Antonio', '4129012345', 27901234)),
(30, ('María', 'López', 'Pérez', 'Gabriela', '04140123456',23012345));

INSERT INTO "Hist_Asistencia" (fecha, "horaEntrada", "horaSalida", "empleadoId") VALUES
('2023-01-01', '06:30:00', '18:45:00', 1),
('2023-02-02', '07:15:00', '19:30:00', 2),
('2023-03-03', '06:45:00', '18:15:00', 3),
('2023-04-04', '06:15:00', '18:30:00', 4),
('2023-05-05', '07:00:00', '19:45:00', 5),
('2023-06-06', '07:30:00', '19:15:00', 6),
('2023-07-07', '06:30:00', '18:45:00', 7),
('2023-08-08', '06:45:00', '18:15:00', 8),
('2023-09-09', '06:15:00', '18:30:00', 9),
('2023-01-10', '07:15:00', '19:30:00', 10),
('2023-02-11', '06:30:00', '18:15:00', 11),
('2023-03-12', '06:45:00', '18:30:00', 12),
('2023-04-13', '07:00:00', '19:45:00', 13),
('2023-05-14', '07:30:00', '19:15:00', 14),
('2023-06-15', '06:15:00', '18:45:00', 15),
('2023-07-16', '06:30:00', '18:15:00', 16),
('2023-08-17', '07:15:00', '19:30:00', 17),
('2023-09-18', '06:45:00', '18:30:00', 18),
('2023-01-19', '07:00:00', '19:45:00', 19),
('2023-02-20', '06:30:00', '18:15:00', 20),
('2023-03-21', '06:15:00', '18:30:00', 1),
('2023-04-22', '07:15:00', '19:30:00', 2),
('2023-05-23', '06:30:00', '18:15:00', 3),
('2023-06-24', '06:45:00', '18:30:00', 4),
('2023-07-25', '07:00:00', '19:45:00', 5),
('2023-08-26', '07:30:00', '19:15:00', 6),
('2023-09-27', '06:15:00', '18:45:00', 7),
('2023-01-28', '06:30:00', '18:15:00', 8),
('2023-02-28', '07:15:00', '19:30:00', 9),
('2023-03-30', '06:45:00', '18:30:00', 10);

-- Inserción de datos en la tabla VENTA
INSERT INTO "Venta" (id, hora, monto, "clienteId", "asistenciaFecha", "asistenciaEmpleadoId")
VALUES
    (1, '06:10', 132, 1, '2023-01-01', 1),
    (2, '06:45', 50, 2, '2023-02-02', 2),
    (3, '18:30', 228, 3, '2023-03-03', 3),
    (4, '06:25', 205, 4, '2023-04-04', 4),
    (5, '06:55', 55, 5, '2023-05-05', 5),
    (6, '18:20', 205, 6, '2023-06-06', 6),
    (7, '06:15', 128, 7, '2023-07-07', 7),
    (8, '06:50', 216, 8, '2023-08-08', 8),
    (9, '18:35', 238, 9, '2023-09-09', 9),
    (10, '10:35', 88, 10, '2023-01-10', 10),
    (11, '12:55', 100, 11, '2023-02-11', 11),
    (12, '16:30', 212, 12, '2023-03-12', 12),
    (13, '07:55', 79, 13, '2023-04-13', 13),
    (14, '08:10', 233, 14, '2023-05-14', 14),
    (15, '09:25', 81, 15, '2023-06-15', 15),
    (16, '10:50', 55, 16, '2023-07-16', 16),
    (17, '11:05', 125, 17, '2023-08-17', 17),
    (18, '12:20', 340, 18, '2023-09-18', 18),
    (19, '13:35', 40, 19, '2023-01-19', 19),
    (20, '09:20', 160, 20, '2023-02-20', 20);

-- Inserción de datos en la tabla HISTORICO_VENTA
INSERT INTO "Hist_Venta" ("precioVent", "cantVend", "inventarioId", "ventaId")
VALUES
    (25, 5, 1, 1),
    (24, 4, 2, 1),
    (56, 8, 3, 1),
    (27, 9, 4, 1),
    (8, 4, 5, 2),
    (10, 2, 6, 2),
    (2, 1, 7, 2),
    (30, 6, 1, 2),
    (20, 10, 5, 3),
    (10, 2, 6, 3),
    (72, 12, 2, 3),
    (126, 18, 3, 3),
    (100, 20, 1, 4),
    (15, 5, 4, 4),
    (18, 9, 7, 4),
    (72, 12, 2, 4),
    (10, 2, 6, 5),
    (5, 1, 1, 5),
    (28, 4, 3, 5),
    (12, 6, 5, 5),
    (20, 10, 7, 6),
    (60, 12, 1, 6),
    (90, 15, 2, 6),
    (35, 5, 3, 6),
    (6, 3, 5, 7),
    (30, 6, 6, 7),
    (20, 4, 1, 7),
    (72, 12, 2, 7),
    (100, 20, 1, 8),
    (80, 16, 6, 8),
    (6, 2, 4, 8),
    (30, 15, 5, 8),
    (28, 14, 7, 9),
    (14, 2, 3, 9),
    (36, 6, 2, 9),
    (160, 32, 6, 9),
    (40, 8, 1, 10),
    (30, 5, 2, 10),
    (18, 6, 4, 10),
    (40, 5, 8, 11),
    (50, 10, 9, 11),
    (10, 2, 10, 11),
    (52, 13, 11, 12),
    (48, 16, 12, 12),
    (112, 14, 13, 12),
    (60, 15, 14, 13),
    (16, 2, 8, 13),
    (3, 1, 12, 13),
    (24, 3, 13, 14),
    (104, 26, 14, 14),
    (105, 21, 10, 14),
    (65, 13, 9, 15),
    (16, 2, 8, 15),
    (4, 1, 14, 16),
    (51, 17, 12, 16),
    (60, 15, 11, 17),
    (65, 13, 10, 17),
    (160, 20, 13, 18),
    (80, 10, 8, 18),
    (70, 14, 9, 18),
    (30, 6, 10, 18),
    (40, 10, 14, 19),
    (160, 20, 13, 20);